Partenaire,Code interne,Token,Lien partenaire,Lien rétro-compat
Morning,MORNING,7w7jww,https://nomacast.fr/tarifs.html?p=7w7jww,https://nomacast.fr/tarifs.html?code=MORNING
Solaris,SOLARIS,c57epe,https://nomacast.fr/tarifs.html?p=c57epe,https://nomacast.fr/tarifs.html?code=SOLARIS
Peech,PEECH,xkykf9,https://nomacast.fr/tarifs.html?p=xkykf9,https://nomacast.fr/tarifs.html?code=PEECH
Figma,FIGMA,e52vnc,https://nomacast.fr/tarifs.html?p=e52vnc,https://nomacast.fr/tarifs.html?code=FIGMA
Sodexo,SODEXO,tdy3s2,https://nomacast.fr/tarifs.html?p=tdy3s2,https://nomacast.fr/tarifs.html?code=SODEXO
Plissken,PLISSKEN,c9wzav,https://nomacast.fr/tarifs.html?p=c9wzav,https://nomacast.fr/tarifs.html?code=PLISSKEN
Galleria,GALLERIA,7qnge6,https://nomacast.fr/tarifs.html?p=7qnge6,https://nomacast.fr/tarifs.html?code=GALLERIA
Agence,AGENCE,bykhng,https://nomacast.fr/tarifs.html?p=bykhng,https://nomacast.fr/tarifs.html?code=AGENCE
Constellation,CONSTELLATION,skpvgc,https://nomacast.fr/tarifs.html?p=skpvgc,https://nomacast.fr/tarifs.html?code=CONSTELLATION
HVH,HVH,7rnt6g,https://nomacast.fr/tarifs.html?p=7rnt6g,https://nomacast.fr/tarifs.html?code=HVH
Nexton,NEXTON,88f36v,https://nomacast.fr/tarifs.html?p=88f36v,https://nomacast.fr/tarifs.html?code=NEXTON
RateCard,RATECARD,jup8jx,https://nomacast.fr/tarifs.html?p=jup8jx,https://nomacast.fr/tarifs.html?code=RATECARD
GS1,GS1,6kgt8e,https://nomacast.fr/tarifs.html?p=6kgt8e,https://nomacast.fr/tarifs.html?code=GS1
Prache,PRACHE,ppgkw3,https://nomacast.fr/tarifs.html?p=ppgkw3,https://nomacast.fr/tarifs.html?code=PRACHE
V3,V3,rufv2e,https://nomacast.fr/tarifs.html?p=rufv2e,https://nomacast.fr/tarifs.html?code=V3
Bearideas,BEARIDEAS,dcnszh,https://nomacast.fr/tarifs.html?p=dcnszh,https://nomacast.fr/tarifs.html?code=BEARIDEAS
Ekoss,EKOSS,5tf27c,https://nomacast.fr/tarifs.html?p=5tf27c,https://nomacast.fr/tarifs.html?code=EKOSS
Esri,ESRI,rdr9rd,https://nomacast.fr/tarifs.html?p=rdr9rd,https://nomacast.fr/tarifs.html?code=ESRI
Wojo,WOJO,nvfe3u,https://nomacast.fr/tarifs.html?p=nvfe3u,https://nomacast.fr/tarifs.html?code=WOJO
Actito,ACTITO,453x7w,https://nomacast.fr/tarifs.html?p=453x7w,https://nomacast.fr/tarifs.html?code=ACTITO
Inwink,INWINK,8jc3kk,https://nomacast.fr/tarifs.html?p=8jc3kk,https://nomacast.fr/tarifs.html?code=INWINK
Dixxit,DIXXIT,z392w4,https://nomacast.fr/tarifs.html?p=z392w4,https://nomacast.fr/tarifs.html?code=DIXXIT
Cleone,CLEONE,t92npq,https://nomacast.fr/tarifs.html?p=t92npq,https://nomacast.fr/tarifs.html?code=CLEONE
Actinvision,ACTINVISION,kq94ru,https://nomacast.fr/tarifs.html?p=kq94ru,https://nomacast.fr/tarifs.html?code=ACTINVISION